Element,METALLOGENIC PROVINCE,LOCALITY,STATE,TOPOSHEET,LATITUDE,LONGITUDE,COMMODITY,HOSTROCK,MORPHOGENESIS,FORMATION,METALLOGENESIS,LATDD,LONDD
Aluminum,EAST COAST PROVINCE,ARAKU,ORISSA,65 J,18 16-18 22N,82 56-82 59E,Bauxite,CAPPING ON KHONDALITE,RESIDUAL DEPOSIT,EASTERN GHAT Sgp.,,,
Aluminum,EAST COAST PROVINCE,KARNAPODIKONDA,ANDHRA PRADESH,65 N,18 48N,83 05E,Bauxite,CAPPING ON GRANULITE/GNEISSES,RESIDUAL DEPOSIT,EASTERN GHAT Sgp.,,,
Aluminum,EAST COAST PROVINCE,SIJIMALI,ORISSA,65 M,19 30N,83 08E,Bauxite,CAPPING ON KHONDALITE/GNEISSES,RESIDUAL DEPOSIT,EASTERN GHAT Sgp.,,,
Aluminum,EAST COAST PROVINCE,PANCHPATMALI,ORISSA,65 J & N,18 46-18 55N,82 57-83 04E,Bauxite,CAPPING ON KHONDALITE,RESIDUAL DEPOSIT,EASTERN GHAT Sgp.,,,
Aluminum,EAST COAST PROVINCE,ANAMINI,ORISSA,65 M,19 51N,83 40E,Bauxite,CAPPING ON KHONDALITE,RESIDUAL DEPOSIT,EASTERN GHAT Sgp.,,,
Aluminum,EAST COAST PROVINCE,BOPHLIMATTI,ORISSA,65 I,19 18-19 22N,82 57-82 59E,Bauxite,CAPPING ON KHONDALITE,RESIDUAL DEPOSIT,EASTERN GHAT Sgp.,,,
Aluminum,EAST COAST PROVINCE,DUMKONDA,ANDHRA PRADESH,65 G,17 42-17 46N,81 51-81 57E,Bauxite,CAPPINGS ON SILLIMANITE GNEISS,RESIDUAL DEPOSIT,EASTERN GHAT Sgp.,,,
Aluminum,EAST COAST PROVINCE,GANDHAMADAN,ORISSA,64 L,20 50-20 55N,82 30-82 45E,Bauxite,CAPPING ON KHONDALITE/GNEISSES,RESIDUAL DEPOSIT,EASTERN GHAT Sgp.,,,
Aluminum,EAST COAST PROVINCE,GUDEM,ORISSA,65 J,17 48-17 51N,82 08-82 10E,Bauxite,CAPPINGS ON KHONDALITE,RESIDUAL DEPOSIT,EASTERN GHAT Sgp.,,,
Aluminum,EAST COAST PROVINCE,GURLIDU,ANDHRA PRADESH,65 G,17 50-17 52N,81 53-81 55E,Bauxite,CAPPING ON SILLIMANITE GNEISS,RESIDUAL DEPOSIT,EASTERN GHAT Sgp.,,,
Aluminum,EAST COAST PROVINCE,KARLAPAT,ORISSA,65 I,19 37-19 41N,83 09-83 11E,Bauxite,CAPPING ON KHONDALITE/GNEISSES,RESIDUAL DEPOSIT,EASTERN GHAT Sgp.,,,
Aluminum,EAST COAST PROVINCE,KATHAKHAL-MANJIMLI,ORISSA,65 M,19 25N,83 06E,Bauxite,CAPPING ON CHARNOKITE/GNEISSES,RESIDUAL DEPOSIT,EASTERN GHAT Sgp.,,,
Aluminum,EAST COAST PROVINCE,KISANWALI,ORISSA,65 M,19 40N,83 05E,Bauxite,CAPPING ON KHONDALITE/GNEISSES,RESIDUAL DEPOSIT,EASTERN GHAT Sgp.,,,
Aluminum,EAST COAST PROVINCE,KODINGAMALI,ORISSA,65 M,19 04N,83 05E,Bauxite,CAPPING ON KHONDALITE,RESIDUAL DEPOSIT,EASTERN GHAT Sgp.,,,
Aluminum,EAST COAST PROVINCE,MALIPARBAT,ORISSA,65 J,18 40N,82 55E,Bauxite,CAPPING ON GRANULITE/GNEISSES,RESIDUAL DEPOSIT,EASTERN GHAT Sgp.,,,
Aluminum,EAST COAST PROVINCE,POTANGI,ORISSA,65 J,18 34-18 36N,82 56-82 58E,Bauxite,CAPPING ON GRANULITE/GNEISS,RESIDUAL DEPOSIT,EASTERN GHAT Sgp.,,,
Aluminum,EAST COAST PROVINCE,SASBOHUMALI-PASANGMALI,ORISSA,65 M,19 15-19 20N,83 08-83 15E,Bauxite,CAPPING ON KHONDALITE,RESIDUAL DEPOSIT,EASTERN GHAT Sgp.,,,
Aluminum,KUTCH BELT,ABDASA,GUJARAT,41 E,23 50N,69 12E,Bauxite,CAPPING ON DECCAN TRAP,RESIDUAL DEPOSIT,EASTERN GHAT Sgp.,,,
Aluminum,KUTCH BELT,DEBAN,GUJARAT,41 E,23 20N,69 05E,Bauxite,CAPPING ON DECCAN TRAP,RESIDUAL DEPOSIT,DECCAN TRAP,,,
Aluminum,KUTCH BELT,GONIASAR,GUJARAT,41 F,22 58N,69 25E,Bauxite,CAPPING ON MADH FORMATION,RESIDUAL DEPOSIT,MADH Fm.,,,
Aluminum,KUTCH BELT,HAMLA,GUJARAT,41 E,23 16N,69 21E,Bauxite,CAPPING ON DECCAN TRAP,RESIDUAL DEPOSIT,DECCAN TRAP,,,
Aluminum,KUTCH BELT,KHANAI,GUJARAT,41 E,23 20N,69 04E,Bauxite,CAPPING ON DECCAN TRAP,RESIDUAL DEPOSIT,DECCAN TRAP,,,
Aluminum,KUTCH BELT,KONTANDA,GUJARAT,41 E,23 09N,69 14E,Bauxite,CAPPING ON DECCAN TRAP,RESIDUAL DEPOSIT,DECCAN TRAP,,,
Aluminum,KUTCH BELT,LAKEND,GUJARAT,41 E,23 15N,69 48E,Bauxite,CAPPING ON DECCAN TRAP,RESIDUAL DEPOSIT,DECCAN TRAP,,,
Aluminum,KUTCH BELT,NANGRECHA,GUJARAT,41 E,23 01N,69 12E,Bauxite,CAPPING ON MESO-CENOZOIC COVERS,RESIDUAL DEPOSIT,DECCAN TRAP,,,
Aluminum,MUNGER BELT,KHARGPUR,JHARKHAND,72 L,24 10N,86 27E,Bauxite,CAPPING ON SCHIST,RESIDUAL DEPOSIT,CHOTANAGPUR GNEISSIC COMPLEX,,,
Aluminum,PALAMOU-RANCHI PROVINCE,CHANDIPAT,JHARKHAND,73 A,23 18N,84 11E,Bauxite,LATERITE CAPPING ON GNEISSES,RESIDUAL DEPOSIT,CHOTANAGPUR GNEISSIC COMPLEX,,,
Aluminum,PALAMOU-RANCHI PROVINCE,CHIRO,JHARKHAND,73 A,23 27N,84 15E,Bauxite,CAPPING ON GNEISSES,RESIDUAL DEPOSIT,CHOTANAGPUR GNEISSIC COMPLEX,,,
Aluminum,PALAMOU-RANCHI PROVINCE,KUKUD,CHATTISGARH,73 A,23 29N,84 00E,Bauxite,CAPPING ON GNEISSES,RESIDUAL DEPOSIT,LATERITE ON CHOTANAGPUR GNEISSIC COMPLEX,,,
Aluminum,PALAMOU-RANCHI PROVINCE,ORSAPAT,JHARKHAND,73 A,23 23N,84 29E,Bauxite,CAPPING ON SCHIST/GNEISSES,RESIDUAL DEPOSIT,CHOTANAGPUR GNEISSIC COMPLEX,,,
Aluminum,PALAMOU-RANCHI PROVINCE,TAMOLGARH,CHATTISGARH,73 A,23 32N,84 03E,Bauxite,CAPPING ON GNEISSES,RESIDUAL DEPOSIT,CHOTANAGPUR GNEISSIC COMPLEX,,,
Aluminum,RANCHI PLATEAU PROVINCE,BARKADIH-GHARGHUTA,CHATTISGARH,73 A,23 00N,84 10E,Bauxite,LATERITE CAPPING ON GNEISSES,RESIDUAL DEPOSIT,CHOTANAGPUR GNEISSIC COMPLEX,,,
Aluminum,RANCHI PLATEAU PROVINCE,BHAGLATOLI,JHARKHAND,73 A,23 12N,84 16E,Bauxite,LATERITE CAPPING ON GNEISSES,RESIDUAL DEPOSIT,CHOTANAGPUR GNEISSIC COMPLEX,,,
Aluminum,RANCHI PLATEAU PROVINCE,BIRHNI-GARKHASWAR-AGARDIH,CHATTISGARH,64 M,23 32N,83 33E,Bauxite,CAPPING ON LATERITE OVER DECCAN TRAP,RESIDUAL DEPOSIT,DECCAN TRAP ON CHOTANAGPUR GNEISSIC COMPLEX,,,
Aluminum,RANCHI PLATEAU PROVINCE,CHIROPATTOLI,JHARKHAND,73 A,23 24N,84 29E,Bauxite,LATERITE CAPPING ON GNEISSES,RESIDUAL DEPOSIT,CHOTANAGPUR GNEISSIC COMPLEX,,,
Aluminum,RANCHI PLATEAU PROVINCE,LOKIPAT,CHATTISGARH,73 A,23 03N,84 07E,Bauxite,LATERITE,RESIDUAL DEPOSIT,CHOTANAGPUR GNEISSIC COMPLEX,,,
Aluminum,RANCHI-ADAR PARE PLATEAU,AMPTIPANI,JHARKHAND,73 A,23 22N,84 17E,Bauxite,CAPPING ON SCHIST AND GNEISSES,RESIDUAL DEPOSIT,CHOTANAGPUR GNEISSIC COMPLEX,,,
Aluminum,RANCHI-ADAR PARE PLATEAU,BANGROBAR,JHARKHAND,73 A,23 35N,84 35E,Bauxite,CAPPING ON DECCAN TRAP,RESIDUAL DEPOSIT,CHOTANAGPUR GNEISSIC COMPLEX,,,
Aluminum,RANCHI-ADAR PARE PLATEAU,BOGRU,JHARKHAND,73 A,23 24N,84 36E,Bauxite,LATERITE ON GNEISSES,RESIDUAL DEPOSIT,CHOTANAGPUR GNEISSIC COMPLEX,,,
Aluminum,RANCHI-ADAR PARE PLATEAU,GHUGROTOLLI,JHARKHAND,73 A,23 18N,84 25E,Bauxite,CAPPING ON GNEISSES,RESIDUAL DEPOSIT,CHOTANAGPUR GNEISSIC COMPLEX,,,
Aluminum,AMARKANTAK PLATEAU,AMARKANTAK,MADHYA PRADESH,64 F,22 44N,81 42E,Bauxite,DECCAN TRAP,RESIDUAL DEPOSIT,DECCAN TRAP,,,
Aluminum,GRANULITE TERRAIN,CHITTAVATTAM,KERALA,58 D,08 59N,76 40E,Bauxite,CAPPING ON GRANULITE/GNEISSES,RESIDUAL DEPOSIT,SOUTHERN GRANULITE,,,
Aluminum,DECCAN TRAP PROVINCE,DANDGIRI-KONDIVALI,MAHARASTRA,47 F,18 07N,73 01E,Bauxite,CAPPING ON DECCAN TRAP,RESIDUAL DEPOSIT,DECCAN TRAP,,,
Aluminum,DECCAN TRAP PROVINCE,DHANGARWADI,MAHARASTRA,47 H,16 55N,73 53E,Bauxite,CAPPING ON DECCAN TRAP,RESIDUAL DEPOSIT,DECCAN TRAP,,,
Aluminum,GRANULITE TERRAIN,KUVEL,KARNATAKA,48 P,12 39N,75 07E,Bauxite,CAPPING ON GRANULITE,RESIDUAL DEPOSIT,SOUTHERN GRANULITE,,,
Aluminum,DECCAN TRAP PROVINCE,MALWA,MAHARASTRA,47 H,16 26N,73 57E,Bauxite,CAPPING ON DECCAN TRAP,RESIDUAL DEPOSIT,DECCAN TRAP,,,
Aluminum,GRANULITE TERRAIN,PALNI,TAMILNADU,58 F,10 09-10 47N,77 19-77 24E,Bauxite,CAPPING ON GRANULITE,RESIDUAL DEPOSIT,SOUTHERN GRANULITE,,,
Aluminum,DECCAN TRAP PROVINCE,RADHANAGIRI,MAHARASTRA,47 H,16 24N,73 50E,Bauxite,CAPPING ON DECCAN TRAP,RESIDUAL DEPOSIT,DECCAN TRAP,,,
Aluminum,DECCAN TRAP PROVINCE,UDGIRI,MAHARASTRA,47 G,17 08N,73 48E,Bauxite,CAPPING ON DECCAN TRAP,RESIDUAL DEPOSIT,DECCAN TRAP,,,
Baryte,,RELPATALIYA,RAJASTHAN,45 H,24 24N,73 51E,Baryte,GNEISSES FLANKED BY METABASICS,"MASSIVE BAND,VEINS",ARAVALLI,ARAVALLI BELT,,
Baryte,,CHIMALAPENTA,ANDHRA PRADESH,57 J,14 25N,78 35E,Baryte,"SHEARS WITHIN DOLOMITE,LIMESTONE,TRAP",LENSE ALONG SHEAR,NALLAMALAI Gp(CUDDAPAH Sgp.),CUDDAPAH BASIN,,
Baryte,,MANGAMPETA,ANDHRA PRADESH,57 N,14 00N,79 19E,Baryte,CARBONACEOUS HORIZON OF PULLAMPET TUFF,STRATIFORM-BEDDED,CUMBUM(CUDDAPAH),CUDDAPAH BASIN,,
Baryte,,VEMULA,ANDHRA PRADESH,57 J,14 20N,78 15E,Baryte,FRACTURED TRAP ROCK,VEIN TYPE DEPOSIT,CHITRAVATI Gp.,CUDDAPAH BASIN,,
Baryte,,JAMRAULI,RAJASTHAN,54 A,27 05N,76 40E,Baryte,QUARTZITE,"FISSURE,VEINS",ALWAR Gp.,DELHI FOLD BELT,,
Baryte,,GHATTIHOSAHALLI,KARNATAKA,57 C,13 59N,76 17E,Baryte,"FUCHSITE QUARTZITE,AMPHIBOLITE",BEDDED,BABABUDAN(DHARWAR).,GHATTIHOSAHALLI BELT,,
Baryte,,SUKWARI,MADHYA PRADESH,63 H,24 20N,81 50E,Baryte,"TALC-CHLORITE SCHIST,METADOLERITE","VEINS,FRACTURE FILLING",MAHAKOSHAL Gp.,MAHAKOSHAL BELT,,
Diamond,,BEJRIPADAR,CHATTISGARH,65 E,19 03N,81 51E,Diamond,KIMBERLITE,MAGMATIC DIFFERENTIATION,INDRAVATI Gp.,BASTAR KIMBERLITE FIELD,,
Diamond,,DUSANPAL,CHATTISGARH,65 E,19 01N,81 51E,Diamond,KIMBERLITE,MAGMATIC DIFFERENTIATION,INDRAVATI Gp.,BASTAR KIMBERLITE FIELD,,
Diamond,,PARAKOT,CHATTISGARH,65 E,19 02N,81 54E,Diamond,KIMBERLITE,MAGMATIC DIFFERENTIATION,INDRAVATI Gp.,BASTAR KIMBERLITE FIELD,,
Diamond,,CHELIMA,ANDHRA PRADESH,57 I,15 26N,78 42E,Diamond,KIMBERLITE DIATREME,MAGMATIC DIFFERENTIATION,KUMBUM FORMATION,CHELIMA-ZANGAMARAJUPALLE BELT,,
Diamond,,ZANGAMARAJUPALLE,ANDHRA PRADESH,57 J,14 46N,78 53E,Diamond,KIMBERLITE DIATREME,MAGMATIC DIFFERENTIATION,KUMBUM FORMATION,CHELIMA-ZANGAMARAJUPALLE BELT,,
Diamond,,KRISHNA,ANDHRA PRADESH,65 D,16 45-17 00N,80 00-80 15E,Diamond,LAMPROITE,MAGMATIC DIFFERENTIATION,CUDDAPAH Sgp.,KRISHNA LAMPROIITE FIELD,,
Diamond,,MADDUR-KOTAKONDA,ANDHRA PRADESH,56 H,16 46-16 51N,77 38-77 42E,Diamond,KIMBERLITE,PIPE,PENINSULAR GNEISSIC COMPLEX,MADDUR-KOTAKONDA BELT,,
Diamond,,PANNA-MAJHGAWAN-HINOTA,MADHYA PRADESH,63 D,24 46N,80 15E,Diamond,KIMBERLITE DIATREME,MAGMATIC DIFFERENTIATION,VINDHYAN Sgp.,PANNA Di (Diamond) BELT,,
Diamond,,BAHARADIH,CHATTISGARH,64 L,20 13 30N,82 12 13E,Diamond,KIMBERLITE DIATREME,PIPE,KIMBERLITE IN CHATTISGARH,SOUTH RAIPUR KIMBERLITE BELT,,
Diamond,,KADOMALI,CHATTISGARH,64 L,20 11 35N,82 15E,Diamond,KIMBERLITE DIATREME,PIPE,KIMBERLITE IN CHATTISGARH,SOUTH RAIPUR KIMBERLITE BELT,,
Diamond,,PAYALIKHAND,CHATTISGARH,64 L,20 09 45N,82 00 20E,Diamond,PLACER,PLACER,PLACER,SOUTH RAIPUR KIMBERLITE BELT,,
Diamond,,WAJRAKARUR,ANDHRA PRADESH,"57 E , F",14 05-15 02N,77 18-77 23E,Diamond,"GARNET PERIDOTITE, ECLOGITE,PYROXENITE",MAGMATIC DIFFERENTIATION,KIMBERLITE PIPE,WAJRAKARUR-LATTAVARAM-CHIGICHERLA BELT,,
Gold,,BELLARY,KARNATAKA,57 C,13 35N,76 35E,Gold,"METAVOLCANICS,METASEDIMENTS",SHEAR CONTROLLED,CHITRADURGA (DHARWAR),CHITRADURGA BELT,,
Gold,,C.K.HALLI,KARNATAKA,57B,14 23N,76 22E,Gold,SHEARED ARGILLITE,SHEAR CONTROLLED,CHITRADURGA (DHARWAR),CHITRADURGA BELT,,
Gold,,G.R.HALLI,KARNATAKA,57 B,14 17N,76 24E,Gold,"SHEARED METABASALTS,CARB.ARGILLITE",AURIFEROUS QUARTZVEIN,CHITRADURGA (DHARWAR),CHITRADURGA BELT,,
Gold,,AJJANAHALLI,KARNATAKA,57 C,13 45 N,76 44 E,Gold,METAVOLCANICS,BIF HOSTED DEPOSIT,BABABUDAN (DHARWAR),CHITRADURGA BELT,,
Gold,,ATTIKATTI,KARNATAKA,48 M,15 20N,75 39E,Gold,"PHYLLITE,GRAPHITE SCHIST",QUARTZ VEIN AL0NG SHEAR,CHITRADURGA(DHARWAR).,GADAG SCHIST BELT,,
Gold,,HOSUR-YELISHIRUR,KARNATAKA,48 M,15 18 N,75 34 E,Gold,"METAVOLCANICS,PHYLLITE,BMQ",STRATABOUND-CONCORDANT,CHITRADURGA(DHARWAR).,GADAG SCHIST BELT,,
Gold,,KABULIYATKATTI,KARNATAKA,48 M,15 17N,75 40E,Gold,"GREYWACKE,PHYLLITE",QUARTZ VEIN ALONG SHEAR,CHITRADURGA(DHARWAR).,GADAG SCHIST BELT,,
Gold,,MYSORE,KARNATAKA,48 M,15 14 30 N,75 40 E,Gold,"META ANDESITE,PHYLLITE,BMQ",VEINS/STRINGERS-STRATABOUND,CHITRADURGA(DHARWAR).,GADAG SCHIST BELT,,
Gold,,SANGLI,KARNATAKA,48 M,15 18N,75 41 30E,Gold,"METASEDIMENTS,METAVOLCANICS",STRATABOUND-SHEAR CONTROL,CHITRADURGA(DHARWAR).,GADAG SCHIST BELT,,
Gold,,KUNDERKOCHA-POROJHARNA,ORISSA,73 J,22 10N,86 16E,Gold,CHERT AND TALC-CHLORITE SCHIST,STRATABOUND-REMOBILISED,GARUMAHISANI Gp.,GARUMAHISANI PROVINCE,,
Gold,,CHINCHERGI,KARNATAKA,56 D,16 09N,76 47E,Gold,BASIC AND ACID VOLCANICS,DISCORDANT-SHEAR CONTROL,EASTERN GREENSTONE,HUTTI MASKI BELT,,
Gold,,HIRA-BUDINI,KARNATAKA,56 D,16 11N,76 48E,Gold,CONTACT OF MAFIC FELSIC VOLCANICS,DISCORDANT-SHEAR CONTROL,HUTTI Gp.,HUTTI MASKI BELT,,
Gold,,HUTTI,KARNATAKA,56 D,16 11 N,76 39 E,Gold,HORNBLENDE-CHLORITE-BIOTITE SCHIST,STRATABOUND-CONCORDANT,KOLAR Gp.,HUTTI MASKI BELT,,
Gold,,KADONI,KARNATAKA,56 D,16 14N,76 41E,Gold,METABASIC AND QUARTZ-CARBONATE VEIN,DISCORDANT-SHEAR CONTROL,EASTERN GREENSTONE,HUTTI MASKI BELT,,
Gold,,SANBAL,KARNATAKA,57 A,15 58N,76 44E,Gold,"CHLORITE-ACTINOLITE SCHIST,SERICITE SCH.",REMOBILISED IN QUARTZ VEIN,KOLAR Gp.,HUTTI MASKI BELT,,
Gold,,TUPPADHUR,KARNATAKA,56 D,16 04N,76 39E,Gold,QUARTZ VEIN IN METABASICS,STRATABOUND-REMOBILISED,EASTERN GREENSTONE,HUTTI MASKI BELT,,
Gold,,UTI,KARNATAKA,56 D,16 22 30 N,76 47 10 E,Gold,QUARTZ VEIN IN METAVOLCANICS,"STRINGERS,VEINLETS OF Qtz",EASTERN GREENSTONE,HUTTI MASKI BELT,,
Gold,,UTI,KARNATAKA,56 D,16 22N,76 46E,Gold,QUARTZ VEIN IN METABASICS,STRATABOUND-REMOBILISED,EASTERN GREENSTONE,HUTTI MASKI BELT,,
Gold,,WANDALLI,KARNATAKA,56 D,16 13N,76 44E,Gold,BASIC AND ACID VOLCANICS,DISCORDANT-SHEAR CONTROL,EASTERN GREENSTONE,HUTTI MASKI BELT,,
Gold,,BHUKIA,RAJASTHAN,46 I,23 53N,74 21E,Gold,"DOLOMITE,AMPHIBOLITE,CALC-SILICATE",DISCORDANT-SHEAR CONTROL,DELWARA Gp.,JHAKRA PARSOLA BELT,,
Gold,,DONA,ANDHRA PRADESH,57 E,15 15N,77 35E,Gold,SILICIFIED METABASALT,Au-QUARTZ VEIN IN SHEAR ZONE,DONA Fm.(JONAGIRI Gp),JONAGIRI SCHIST BELT,,
Gold,,DONA,ANDHRA PRADESH,57 E,15 14N,77  35E,Gold,SHEARED GRANODIORITE(D2 DEFORMATION),SHEAR CONTROLLED,JONNAGIRI Gp.,JONNAGIRI SCHIST BELT,,
Gold,,BISANATTAM,KARNATAKA,57 L,12 53N,78 16E,Gold,QUARTZ VEIN IN AMPHIBOLITE SCHIST,STRATABOUND,EASTERN GREENSTONE,KOLAR BELT,,
Gold,,CHIGARGUNTA,ANDHRA PRADESH,57 L,12 43N,78 14E,Gold,BASIC AND ACID VOLCANICS,SHEAR CONTROLLED,KOLAR Gp.,KOLAR BELT,,
Gold,,KOLAR,KARNATAKA,57 L,12 54-57 N,78 15-18 E,Gold,"METAVOLCANICS,CHAMPION GNEISS",STRATABOUND-REMOBILISED,KOLAR Gp.,KOLAR BELT,,
Gold,,KUDITHAINAPALLE,KARNATAKA,57 L,12 49N,78 15E,Gold,QUARTZ REEF IN BASIC AND ACID VOLCANICS,SHEAR CONTROLLED,EASTERN GREENSTONE,KOLAR BELT,,
Gold,,MAHARAJAGADAI,TAMILNADU,57 L,12 38-43 N,78 16-18 E,Gold,"SCHISTS,METABASICS,CHAMPION GNEISS",STRATABOUND-REMOBILISED,KOLAR Gp.,KOLAR BELT,,
Gold,,MALLAPAKONDA,TAMILNADU,57 L,12 44 30 N,78 13 30 E,Gold,"BFQ,AMPHIBOLITE,CHAMPION GNEISS",BIF HOSTED-CONCORDANT,KOLAR Gp.,KOLAR BELT,,
Gold,,SURAPALLE,KARNATAKA,57 L,12 55E,78 17N,Gold,METAACID TUFF(CHAMPION GNEISS),CONCORDANT SILICIFIC ZONE,EASTERN GREENSTONE,KOLAR BELT,,
Gold,,GULALDIH,MADHYA PRADESH,63 L,24 16N,82 47E,Gold,"BIF,GREYWACKE,ARGILLITE",STRATIFORM(BIF-SULPHIDE),AGORI Fm..,MAHAKOSHAL BELT,,
Gold,,GURHARPAHAR,MADHYA PRADESH,63 L,24 21N,82 45E,Gold,"TUFF,ARGILLITE",EPIGENETIC-VEIN TYPE,"AGORI,PARSOI Fm..",MAHAKOSHAL BELT,,
Gold,,IMALIYA,MADHYA PRADESH,64 A,23 37N,80 15E,Gold,SHEAR ZONE IN DOLOMITE,SHEAR CONTROLLED,SLEEMABAD Fm.,MAHAKOSHAL BELT,,
Gold,,KEMPINKOTE,KARNATAKA,57 D,12 54 N,76 31 E,Gold,AURIFEROUS QTZ.LODE IN METAULTRAMAFITES,REMOBILISED QUARTZ VEINS-STRATABOUND,SARGUR Gp.,NUGGIHALLI BELT,,
Gold,,KOTAPALLE,ANDHRA PRADESH,57 F,14 19-14 21N,77 30-77 31E,Gold,METASEDIMENTS AND METAVOLCANICS,STRATABOUND-REMOBILISED,DHARWAR Sgp.,RAMAGIRI BELT,,
Gold,,YEPPAMANA,ANDHRA PRADESH,57 F,14 18-19 N,77 30-31 E,Gold,"PHYLLITE,CHLORITE SCHIST(GREENSTONE)",STRATABOUND-CONCORDANT,KOLAR GREENSONE,RAMAGIRI BELT,,
Gold,,YERAPPA-GENTALLAPPA,ANDHRA PRADESH,57 F,14 18N,77 30E,Gold,METAVOLCANICS-METASEDIMENTS,STRATABOUND-DISCORDANT,DHARWAR Sgp.,RAMAGIRI BELT,,
Gold,,PENAKACHERLA-KUDERU,ANDHRA PRADESH,57 F,14 44-14 52N,77 25-77 27E,Gold,"METABASALT,BFQ",QTZ-ANKERITE VEIN,EASTERN GREENSTONE,RAMAGIRI-PENAKACHERLA-HUNGUD BELT,,
Gold,,PENUKONDA,ANDHRA PRADESH,57 F,14 06N,77 32E,Gold,"METABASALT,BIF,SERICITE SCHIST",VEINS WITHIN SHEAR ZONES,EASTERN GREENSTONE,RAMAGIRI-PENAKACHERLA-HUNGUD BELT,,
Gold,,CHENNABHAVI,ANDHRA PRADESH,57 F,14 19-14 20N,77 30-77 31E,Gold,METABASITE,AURIFEROUS VEIN IN SHEARS,EASTERN GREENSTONE,RAMAGIRI-PENAKACHERLA-HUNGUD BELT,,
Gold,,KOTTAPALLE,ANDHRA PRADESH,57 F,14 20N,77 29E,Gold,"METABASITE,BIF,ACID TUFF",GOLD BEARING QUART VEIN,EASTERN GREENSTONE,RAMGIRI-PUNAKACHERLA-HUNGUD BELT,,
Gold,,BHADRAMPALLE,ANDHRA PRADESH,57 F,14 53-14 54N,77 24E,Gold,"METABASITE,METAANDESITE,B.H.CHERT",QUARTZ VEIN WITH SULPHIDE,EASTERN GREENSTONE,RAMGIRI-PUNAKACHERLA-HUNGUD BELT,,
Gold,,RAMAPURAM,ANDHRA PRADESH,57 F,14 53N,77 22E,Gold,"METABASALT,CHLORITE-ACTINOLITE SCHIST",QUARTZ-SULPHIDE VEINS,EASTERN GREENSTONE,RAMGIRI-PUNAKACHERLA-HUNGUD BELT,,
Gold,,CHINMULGUND,KARNATAKA,48 N,14 35N,75 24E,Gold,"METASEDIMENTS,BIF",CONCORDANT-BIF HOSTED,CHITRADURGA BELT Gp.,SHIMOGA BELT,,
Gold,,HONNALI,KARNATAKA,48 N,14 14 N,75 39 E,Gold,QUARTZ-CARBONATE VEINS TRAVERSING BIF,STRATABOUND-DISCORDANT,CHITRADURGA BELT,SHIMOGA BELT,,
Gold,,LAWA,JHARKHAND,73 I,23 01N,86 05E,Gold,"METASEDIMENTS,METABASICS",STRATABOUND,SINGBHUM Gp.,SINGBHUM  BELT,,
Gold,,MYSERA,JHARKHAND,73 I,23 03N,86 01E,Gold,METASEDIMENTS-METAVOLCANICS,STRATABOUND,SINGBHUM Gp.,SINGBHUM  BELT,,
Gold,,PAHARDIHA,JHARKHAND,73 F,22 30N,85 16E,Gold,"CHLORITE SCHIST,QUARTZITE",VEIN-DISCORDANT,SINGBHUM Gp.,SINGBHUM BELT,,
Gold,,SONAKHAN,CHATTISGARH,64 K,21 24N,82 38E,Gold,MAFIC AND ACID VOLCANICS,SHEAR CONTROLLED,SONAKHAN Gp.,SONAKHAN BELT,,
Gold,,PHOENIX,KERALA,58 A,11 28N,76 24E,Gold,QTZ.VEIN IN AMPHIBOLITE-GRANULITE,EPIGENETIC-DISCORDANT,GRANULITE TERRAIN,WYNAD BELT,,
Gold,,SOLOMINE,KERALA,58 A,11 29N,76 19E,Gold,QTZ.VEIN WITHIN MAG.QTZT-HB.GRANULITE,REMOBILISED-CONCORDANT,GRANULITE TERRAIN,WYNAD BELT,,
Gold,,ALPHA,KERALA,58 A,11 28N,76 20E,Gold,SHEARED HORNBLENDE GRANULITE-AMPHIBOLITE,SYNGENETIC-REMOBILISED,GRANULITE TERRAIN,WYNAD BELT,,
Iron,,ATTIGUNDI-GALLIKERA,KARNATAKA,48 O,13 25 N,75 45 E,Iron,"BHQ,METAPELITE,METAVOLCANICS",VOLCANOSEDIMENTARY-BEDDED,BABABUDAN Sgp.,BABABUDAN RANGE,13.4166666667,75.75
Iron,,KEMMANAGUNDI,KARNATAKA,48 O,13 32-33 N,75 45 E,Iron,"BHQ,METAPELITE,METAVOLCANICS",VOLCANOSEDIMENTARY-BEDDED,DHARWAR Sgp.,BABABUDAN RANGE,13.5333333333,75.75
Iron,,BAILADILA,CHATTISGARH,65 F,18 40-50 N,81 11-14 E,Iron,"BHQ,METAPELITE,METAVOLCANICS",VOLCANOSEDIMENTARY-BEDDED,BAILADILA Gp.,BAILADILA BELT,18.6666666667,81.1833333333
Iron,,OBULAPURAM,KARNATAKA,57 A,15 04 15 N,76 50 20 E,Iron,"SHALE,PHYLLITE,BHQ",BEDDED,EASTERN GREENSTONE,BELLARY (SANDUR SCHIST BELT),15.0708333333,76.8388888889
Iron,,BADAMGARH,ORISSA,73 G,21 48N,85 16E,Iron,"BHQ,SHALE INTERLAYERED WITH LAVA",BEDDED-VOLCANOSEDIMENTARY,BONAI Gp.,BONAI-BADAMPAHAR BELT,21.8,85.2666666667
Iron,,BALIA-KHEJURDARI,ORISSA,73 G,21 50N,85 16E,Iron,"BHQ,SHALE INTERLAYERED WITH LAVA",BEDDED-VOLCANOSEDIMENTARY,BONAI Gp.,BONAI-BADAMPAHAR BELT,21.8333333333,85.2666666667
Iron,,FULIHARI-KURMITAR-SILJORA,ORISSA,73 G,21 45-21 46N,85 09-85 11E,Iron,"BHQ,SHALE INTERLAYERED WITH LAVA",BEDDED-VOLCANOSEDIMENTARY,BONAI Gp.,BONAI-BADAMPAHAR BELT,21.75,85.15
Iron,,KALTA,ORISSA,73 G,21 51N,85 08E,Iron,"BHQ,SHALE INTERLAYERED WITH LAVA",BEDDED-VOLCANOSEDIMENTARY,BONAI Gp.,BONAI-BADAMPAHAR BELT,21.85,85.1333333333
Iron,,MANKAMACHA,ORISSA,73 G,21 48N,85 18E,Iron,"BHQ,SHALE INTERLAYERED WITH LAVA",BEDDED-VOLCANOSEDIMENTARY,BONAI Gp.,BONAI-BADAMPAHAR BELT,21.8,85.3
Iron,,KHANDBAND,ORISSA,73 G,21 57N,85 24E,Iron,"BHQ,SHALE",BEDDED-VOLCANOSEDIMENTARY,BONAI Gp.,BONAI-KEONJHAR RANGE BELT,21.95,85.4
Iron,,NAOGOWN,ORISSA,73 G,22 00N,85 07E,Iron,"BHQ,SHALE INTERLAYERED WITH LAVA",BEDDED-VOLCANOSEDIMENTARY,BONAI Gp.,BONAI-KEONJHAR RANGE BELT,22.0,85.1166666667
Iron,,BARAIBURU,JHARKHAND,73 F,22 10N,85 10E,Iron,"BFQ,SHALE",BEDDED-VOLCANOSEDIMENTARY,BONAI Gp.,BONAI-NOAMUNDI-JAMDA BELT,22.1666666667,85.1666666667
Iron,,KARAMPADA,ORISSA,73 G,22 00N,85 10E,Iron,"BHQ,SHALE",BEDDED-VOLCANOSEDIMENTARY,BONAI Gp.,BONAI-NOAMUNDI-JAMDA BELT,22.0,85.1666666667
Iron,,AJITBURU,JHARKHAND,73 F,22 10-22 14N,85 20-85 25E,Iron,"BHQ,SHALE-INTERLAYERED WITH LAVA",BEDDED-VOLCANOSEDIMENTARY,BONAI Gp.,BONAI-NOAMUNDI-JAMDA PROVINCE,22.2166666667,85.3833333333
Iron,,BARAJAMDA,ORISSA,73 F,22 05N,85 20E,Iron,"BHQ,SHALE INTERLAYERED WITH LAVA FLOW",BEDDED-VOLCANOSEDIMENTARY,IRON ORE Sgp.(BONAI),BONAI-NOAMUNDI-JAMDA PROVINCE,22.0833333333,85.3333333333
Iron,,GHATKURI,ORISSA,73 F,22 15N,85 25E,Iron,"BHQ,SHALE INTERLAYERED WITH LAVA",BEDDED-VOLCANOSEDIMENTARY,BONAI Gp.,BONAI-NOAMUNDI-JAMDA PROVINCE,22.25,85.4166666667
Iron,,ITAR-BALIJODI,ORISSA,73 F,22 20N,85 35E,Iron,"BHQ,SHALE INTERLAYERED WITH LAVA FLOWS",BEDDED-VOLCANOSEDIMENTARY,IRON ORE Sgp.(BONAI),BONAI-NOAMUNDI-JAMDA PROVINCE,22.3333333333,85.5833333333
Iron,,JODA,ORISSA,73 F,22 01N,85 26E,Iron,"BHJ,SHALE",BEDDED-VOLCANOSEDIMENTARY,BONAI Gp.,BONAI-NOAMUNDI-JAMDA PROVINCE,22.0166666667,85.4333333333
Iron,,KANTORIA,JHARKHAND,73 F,22 10N,85 25E,Iron,"BHQ,SHALE INTERLAYERED WITH LAVA FLOWS",BEDDED-VOLCANOSEDIMENTARY,IRON ORE Sgp.(BONAI),BONAI-NOAMUNDI-JAMDA PROVINCE,22.1666666667,85.4166666667
Iron,,KUMITRA,JHARKHAND,73 F,22 10N,85 30E,Iron,"BHQ,SHALE INTERLAYERED WITH LAVA FLOWS",BEDDED-VOLCANOSEDIMENTARY,IRON ORE Sgp.(BONAI),BONAI-NOAMUNDI-JAMDA PROVINCE,22.1666666667,85.5
Iron,,MERALGORA,JHARKHAND,73 F,22 05-22 10N,85 30-85 35E,Iron,"BHQ,SHALE,BHQ",BEDDED-VOLCANOSEDIMENTARY,IRON ORE Sgp.(BONAI),BONAI-NOAMUNDI-JAMDA PROVINCE,22.1166666667,85.55
Iron,,NOAMUNDI,ORISSA,73 F,22 09N,85 29E,Iron,"BHQ,SHALE INTERLAYERED WITH LAVA FLOWS",BEDDED-VOLCANOSEDIMENTARY,IRON ORE Sgp.(BONAI),BONAI-NOAMUNDI-JAMDA PROVINCE,22.15,85.4833333333
Iron,,THAKURANI,ORISSA,73 F,22 08-22 09N,85 30E,Iron,"BHQ,SHALE INTERLAYERED WITH LAVA FLOWS",BEDDED-VOLCANOSEDIMENTARY,IRON ORE Sgp.(BONAI),BONAI-NOAMUNDI-JAMDA PROVINCE,22.1358333333,85.5
Iron,,NOTABURU,JHARKHAND,73 F,22 18N,85 22E,Iron,"SHALE,BHQ",BEDDED-SEDIMENTARY,BONAI Gp.,CHIRIA-MANOHARPUKUR SECTOR,22.3,85.3666666667
Iron,,CHIRIA,JHARKHAND,73 F,22 18N,85 17E,Iron,"BHJ,QTZT,QTZ.SCHIST,PHYLLITE",BEDDED-SEDIMENTARY,IRON ORE GROUP,CHIRIA-MANOHARPUKUR SECTOR,22.3,85.2833333333
Iron,,NOTABURU,JHARKHAND,73 F,22 18N,85 22E,Iron,"BHJ,QTZT,PHYLLITE",STRATIFORM-SEDIMENTARY,IRON ORE GROUP,CHIRIA-MANOHARPUKUR SECTOR,22.3,85.3666666667
Iron,,BELLENAHALLI,KARNATAKA,57 C,13 24 N,76 39 E,Iron,"BHQ,METAPELITE,METAVOLCANICS",VOLCANOSEDIMENTARY-BEDDED,CHITRADURGA (DHARWAR),CHITRADURGA BELT,13.4,76.65
Iron,,BHIMA-SAMUDRA,KARNATAKA,57 B,14 13 N,76 14 E,Iron,"BHQ,METAPELITE,METAVOLCANICS",VOLCANOSEDIMENTARY-BEDDED,CHITRADURGA (DHARWAR),CHITRADURGA BELT,14.2166666667,76.2333333333
Iron,,CHIKANYAKANAHALLI,KARNATAKA,57 C,13 24 N,76 37 E,Iron,"BHQ,METAVOLCANICS,METABASICS",VOLCANOSEDIMENTARY-BEDDED,CHITRADURGA (DHARWAR),CHITRADURGA BELT,13.4,76.6166666667
Iron,,KADALAGUDDA,KARNATAKA,57 B,14 10-11 N,76 12-13 30E,Iron,"BHQ,METAPELITE,METAVOLCANICS",VOLCANOSEDIMENTARY-BEDDED,CHITRADURGA (DHARWAR),CHITRADURGA BELT,14.1666666667,76.2083333333
Iron,,MEDIKERIPURA,KARNATAKA,57 B,14 05 N,76 35 E,Iron,"BHQ,PHYLLITE,METAVLCANICS",VOLCANOSEDIMENTARY-BEDDED,CHITRADURGA (DHARWAR),CHITRADURGA BELT,14.0833333333,76.5833333333
Iron,,DALLI-RAJHARA,CHATTISGARH,64 H,20 33-35 N,81 0 45-07 E,Iron,"BHQ,METAPELITE,METAVOLCANICS",VOLCANOSEDIMENTARY-BEDDED,BAILADILA Gp.,DALLI-RAJHARA BELT,20.5597222222,81.0125
Iron,,MAHAMAYA-KAUCHAR,CHATTISGARH,64 D,20 28-29 N,80 59-59 30E,Iron,"METAPELITE,METAVOLCANICS",VOLCANOSEDIMENTARY-BEDDED,BAILADILA Gp.,DALLI-RAJHARA BELT,20.4747222222,80.9916666667
Iron,,BHITARAMDA,ORISSA,73 J,22 08N,86 12 30E,Iron,"BHQ,PHYLLITE WITH VOLCANICS",BEDDED-VOLCANOSEDIMENTARY,GARUMAHISANI Gp.,GARUMAHISANI PROVINCE,22.1333333333,86.2083333333
Iron,,BHIYABASA,ORISSA,73 J,22 07N,86 11E,Iron,"BHQ,PHYLLITE WITH VOLCANICS",BEDDED-VOLCANOSEDIMENTARY,GARUMAHISANI Gp.,GARUMAHISANI PROVINCE,22.1166666667,86.1833333333
Iron,,DUBLABERA,ORISSA,73 J,22 27N,86 15E,Iron,METAVOLCANICS-METASEDIMENTS,-,IRON ORE SUPER GROUP,GARUMAHISANI PROVINCE,22.45,86.25
Iron,,PURNAPANI,ORISSA,73 J,22 08N,86 12E,Iron,"BHQ,PHYLLITE WITH VOLCANICS",BEDDED-VOLCANOSEDIMENTARY,GARUMAHISANI Gp.,GARUMAHISANI PROVINCE,22.1333333333,86.2
Iron,,SULAIPET,ORISSA,73 J,22 08N,86 12E,Iron,"BHQ,PHYLLITE WITH VOLCANICS",BEDDED-VOLCANOSEDIMENTARY,GARUMAHISANI Gp.,GARUMAHISANI PROVINCE,22.1333333333,86.2
Iron,,BETJHARAN,ORISSA,73 J,22 10N,86 25E,Iron,GABBRO-ANORTHOSITE,CONCORDANT,-,GARUMAHISANI PROVINCE (RAIRANGPUR BELT),22.1666666667,86.4166666667
Iron,,BISAI,ORISSA,73 J,22 10N,86 20E,Iron,GABBRO-ANORTHSITE,INTRUSSIVE-MAGMATIC,IRON ORE GROUP,GARUMAHISANI PROVINCE (RAIRANGPUR BELT),22.1666666667,86.3333333333
Iron,,KUMARDHUBI,ORISSA,73 J,22 15N,86 15E,Iron,GABBRO-ANORTHOSITE,CONCORDANT-MAGMATIC,-,GARUMAHISANI PROVINCE (RAIRANGPUR BELT),22.25,86.25
Iron,,RAIRANGPUR,ORISSA,73 J,22 15N,86 05E,Iron,GABBRO-ANORTHOSITE,MAGMATIC,IRON ORE GROUP,GARUMAHISANI PROVINCE (RAIRANGPUR BELT),22.25,86.0833333333
Iron,,ALAMBADI,TAMILNADU,57 L,12 07N,78 39E,Iron,BMQ,BEDDED-SEDIMENTARY ( TAMILNADU TYPE),GRANULITE,KANJAMALLAI-ATTUR  BELT,12.1166666667,78.65
Iron,,ATTUR,TAMILNADU,58 I,11 35N,78 35E,Iron,BMQ,BEDDED-SEDIMENTARY ( TAMILNADU TYPE),GRANULITE,KANJAMALLAI-ATTUR  BELT,11.5833333333,78.5833333333
Iron,,CHITTORI-TAINANDAMALAI,TAMILNADU,58 I,11 50N,78 30E,Iron,BMQ,BEDDED-SEDIMENTARY ( TAMILNADU TYPE),GRANULITE,KANJAMALLAI-ATTUR  BELT,11.8333333333,78.5
Iron,,KANJAMALAI,TAMILNADU,58 I,11 39N,78 10E,Iron,BMQ IN CHARNOCKITE,BEDDED-SEDIMENTARY ( TAMILNADU TYPE),SOUTHERN GRANULITE,KANJAMALLAI-ATTUR  BELT,11.65,78.1666666667
Iron,,VALAYAPATHI-TATTAYANGIPETTAI,TAMILNADU,58 I,11 08-11 15N,78 06-78 15E,Iron,BMQ INTERBEDDED WITH PYROXENE GNEISS,BEDDED-SEDIMENTARY ( TAMILNADU TYPE),SOUTHERN GRANULITE,KANJAMALLAI-ATTUR  BELT,11.1708333333,78.2
Iron,,KAPPALGUDDA,KARNATAKA,48 I,15 13-16 N,74 42-44 E,Iron,"BHQ,METAPELITE,METAVOLCANICS",VOLCANOSEDIMENTARY-BEDDED,DHARWAR(SHIMOGA SCH),KAPPALGUDDA (SHIMOGA SCHIST) BELT,15.2333333333,74.7166666667
Iron,,KARINAGUR,KARNATAKA,57 A,15 14 03N,76 26 17E,Iron,METASEDIMENTS-METAVOLCANICS,BEDDED-VOLCANOSEDIMENTARY,EASTERN GREENSTONE,NEB (SANDUR SCHIST BELT),15.2341666667,76.4380555556
Iron,,MADERAHALLI,KARNATAKA,57 A,15 11-12N,76 26-29E,Iron,"METASEDIMENTS,METAVOLCANICS",BEDDED-VOLCANOSEDIMENTARY,EASTERN GREENSTONE,NEB (SANDUR SCHIST BELT),15.2,76.4666666667
Iron,,PAPINAYAKANAHALLI,KARNATAKA,57 A,15 13N,76 25-26E,Iron,"METASEDIMENTS,METAVOLCANICS",BEDDED-VOLCANOSEDIMENTARY,EASTERN GREENSTONE,NEB (SANDUR SCHIST BELT),15.2166666667,76.425
Iron,,INGILIGI,KARNATAKA,57 A,15 12 22N,76 26 30E,Iron,"PHYLLITE,SCHIST,METAVOLCANICS",BEDDED-VOLCANOSEDIMENTARY,EASTERN  GREENSTONE,NEB RANGE (SANDUR SCHIST BELT),15.2061111111,76.4416666667
Iron,,JAISINGPUR,KARNATAKA,57 A,15 11-13N,76 26-27E,Iron,METASEDIMENT AND METAVOLCANICS,BEDDED-VOLCANOSEDIMENTARY,EASTERN GREENSTONE,NEB RANGE(SANDUR BELT),15.1833333333,76.45
Iron,,KARADIKOLLA,KARNATAKA,57 A,15 12-13N,76 26-30E,Iron,"METASEDIMENT,METAVOLCANICS",BEDDED-VOLCANOSEDIMENTARY,EASTERN GREENSTONE,NEB(SANDUR SCHIST BELT),15.2166666667,76.4666666667
Iron,,SANDUR,KARNATAKA,57 A,15 12 30N,76 27 30,Iron,"METASEDIMENT,METAVOLCANICS",BEDDED-VOLCANOSEDIMENTARY,EASTERN GREENSTONE,NEB(SANDUR SCHIST BELT),15.2083333333,76.4583333333
Iron,,SANKALAPURAM,KARNATAKA,57 A,15 14 15N,76 25E,Iron,"METASEDIMENT,METAVOLCANICS",BEDDED-VOLCANOSEDIMENTARY,EASTERN GREENSTONE,NEB(SANDUR SCHIST BELT),15.2375,76.4166666667
Iron,,VENUMBAKA-RASANUR,ANDHRA PRADESH,57 N,14 04 20 N,79 54 40 E,Iron,"PHYLLITE,SCHIST",BEDDED-VOLCANOSEDIMENTARY,DHARWAR Sgp.,NELLORE BELT,14.0722222222,79.9111111111
Iron,,MALANGTOLI,ORISSA,73 F,22 05N,85 20E,Iron,"BHJ,SHALE",BEDDED-VOLCANOSEDIMENTARY,BONAI Gp.,NOAMUNDI-JAMDA SECTOR,22.0833333333,85.3333333333
Iron,,NUIA,ORISSA (?),73 F,22 09-22 10N,85 20E,Iron,"SHALE,BMQ,TUFF,META VOLCANICS",BEDDED-VOLCANOSEDIMENTARY,BONAI Gp.,NOAMUNDI-JAMDA SECTOR,22.1583333333,85.3333333333
Iron,,NUGGIHALLI,KARNATAKA,57 C,13 00 45 N,76 26 00 E,Iron,ULTRABASICS,CONCORDANT-MAGMATIC,NUGGIHALLI SCHIST,NUGGIHALLI BELT,13.0125,76.4333333333
Iron,,RAMANDURG,KARNATAKA,57 A,15 10-15 12N,76 22-76 26E,Iron,METASEDIMENTS-METAVOLCANICS,STRATABOUND-CONCORDANT,EASTERN GREENSTONE,RAMANDURG RANGE(SHIMOGA SCHIST) BELT,15.1866666667,76.4
Iron,,ROWGHAT,CHATTISGARH,65 E,19 45-56 N,81 05-13 E,Iron,"BHQ,METAPELITE,METAVOLCANICS",VOLCANOSEDIMENTARY-BEDDED,BAILADILA Gp.,ROWGHAT BELT,19.9,81.1666666667
Iron,,HALKUNDI-HONNAHALI,KARNATAKA,57 A,15 05-06 N,76 47-53 E,Iron,"BHQ,METAVOLCANICS,METAARGILLITE",VOLCANOSEDIMENTARY-BEDDED,EASTERN GREENSTONE,SANDUR BELT-BELLARY SECTOR,15.1,76.8666666667
Iron,,BELEGAL-HARAGONDONA,KARNATAKA,57 A,15 04-07 N,76 40-45 E,Iron,"BHQ,METAVOLCANICS,METAPELITE",VOLCANOSEDIMENTARY-BEDDED,EASTERN GREENSTONE,SANDUR BELT-BTV RANGE,15.1,76.7333333333
Iron,,VITTALPURAM,KARNATAKA,57 A,15 10 N,76 30 E,Iron,"BHQ,METAVLCANICS,METAPELITE",VOLCANOSEDIMENTARY-BEDDED,EASTERN GREENSTONE,SANDUR BELT-BTV RANGE,15.1666666667,76.5
Iron,,DONIMALAI,KARNATAKA,57 A,15 02-05 N,76 36-38 E,Iron,"BHQ,METAPELITE,METAVOLCANICS",BEDDED,DHARWAR(SANDUR SCH.),SANDUR BELT-KUMARSWAMI-DONIMAL,15.05,76.6166666667
Iron,,KALLAHALLI,KARNATAKA,57 A,15 13 N,76 25 E,Iron,"BHQ,METAPELITE,METAVOLCANICS",VOLCANOSEDIMENTARY-BEDDED,EASTERN GREENSTONE,SANDUR SCHIST BELT-NEB RANGE,15.2166666667,76.4166666667
Iron,,KUMARSWAMI,"KARNATAKA, A.P","57 A, 57 B",14 55-15 02N,76 55E,Iron,"BHQ,METAPELITE,METAVOLCANICS",BEDDED,DHARWAR(SANDUR),SANDUR-KUMARSWAMI-DONIMALAI RANGE,14.9166666667,76.9166666667
Iron,,NAVALUTTI,KARNATAKA,57 A,15 25 N,76 38 E,Iron,"BHQ,METAPELITE,METAVOLCANICS(SANDUR SCH)",VOLCANOSEDIMENTARY-BEDDED,E.GREENSTONE BELT,SANDUR-KUMARSWAMI-DONIMALAI RANGE,15.4166666667,76.6333333333
Iron,,NARAYANPURA,KARNATAKA,57 A,15 30 N,76 45 E,Iron,"BHQ,METAPELITE,METAVOLCANICS",BEDDED-VOLCANOSEDIMENTARY,DHARWAR(SANDUR SCH.),SANDUR-UBBALAGUNDI RANGE,15.5,76.75
Iron,,AJJUR,TAMILNADU,58 A,11 26N,76 48E,Iron,BMQ,CONCORDANT,GRANULITE,SATYAMANGALAM-AJJUR(GRANULITE) BELT,11.4333333333,76.8
Iron,,DEVALA,TAMILNADU,58 A,11 28N,76 38E,Iron,BMQ IN CHARNOCKITE,CONCORDANT,GRANULITE,SATYAMANGALAM-AJJUR(GRANULITE) BELT,11.4666666667,76.6333333333
Iron,,SATYAMANGALAM,TAMILNADU,58 E,11 25-11 28N,77 05-77 15E,Iron,PYROXENITE-DUNITE-AMPHIBOLITE,CONCORDANT,SATYAMANGALAM SCHIST,SATYAMANGLAM-AJJUR BELT,11.45,77.1666666667
Iron,,DONI,KARNATAKA,48 I,15 18 N,74 44 E,Iron,"BHQ,METAPELITE,METAVOLCANICS",VOLCANOSEDIMENTARY-BEDDED,DHARWAR Sgp.,SHIMOGA BELT,15.3,74.7333333333
Iron,,KOTEBARA,KARNATAKA,48 K,13 53 N,74 49 E,Iron,"METAPELITE,METAVOLCANICS,BFQ",VOLCANOSEDIMENTARY-BEDDED,DHARWAR,SHIMOGA BELT,13.8833333333,74.8166666667
Iron,,JAYAPURA,KARNATAKA,48 O,13 21-13 30N,75 22-75 25E,Iron,BMQ IN METAVOLCANICS - METASEDIMENTS,CONCORDANT,CHITRADURGA BELT Gp.,SHIMOGA SCHIST BELT,13.4666666667,75.4
Iron,,BALLALAYAYANADURG,KARNATAKA,48 O,13 07-22N,75 21-26E,Iron,METASEDIMENTS-METAVOLCANICS,CONCORDANT,BABABUDAN Gp.,WESTERN GHAT BELT,13.2666666667,75.4
Iron,,KUDERMUKH,KARNATAKA,48 O,13 17N,75 10-75 20E,Iron,BMQ IN METASEDIMENTS- METAVOLCANICS,CONCORDANT,BABABUDAN Gp.,WESTERN GHAT BELT,13.2833333333,75.25
Iron,,SURJAGARH,MAHARASTRA,65 A,19 37 N,80 21 E,Iron,"BMQ,QUARTZITE,PHYLLITE",BEDDED,BAILADILA Gp.,WURRYA HILL RANGE,19.6166666667,80.35
Lead-Zinc,,KAREMPUDI,ANDHRA PRADESH,56 P,16 23 30 N,79 40 24 E,Lead-Zinc,DOLOMITE,ENECHELON LODE-STRATABOUND-SEDIMENTARY,CUMBUM(NALLAMALAI),AGNIGUNDLA BELT,,
Lead-Zinc,,GHUGRA-KAYAR,RAJASTHAN,45 J,26 31 26 32N,74 40-74 41E,Lead-Zinc,"DOLOMITE,QTZT,QTZ-BIO SCHIST",SHMS-CARBONATE HOSTED,DELHI SUPERGROUP,GHUGRA-KAYAR BELT,,
Lead-Zinc,,BELBATHAN,JHARKHAND,72 P,24 43N,87 18E,Lead-Zinc,TALC-TREMOLITE SCHIST,DISCORDANT VEINS,ENCLAVES IN CHOTANAGPUR GNEISSIC COMPLEX,HESATHU-BELBATHAN BELT,,
Lead-Zinc,,HESATU,JHARKHAND,73 I,23 59N,86 01E,Lead-Zinc,TALC-TREMOLITE SCHIST & GRANULITE,DISCORDANT-HYDROTHERMAL VEINS,ENCLAVES IN CHOTANAGPUR GNEISSIC COMPLEX,HESATHU-BELBATHAN BELT,,
Lead-Zinc,,GADERIAKHERA,RAJASTHAN,45 K,25 26-25 28N,74 38-74 40E,Lead-Zinc,"AMPHIBOLITE,CALCSCHIST,Fe(MAgnetite) ROCK",STRATABOUND-DISSEMINATION,BHILWARA Sgp.,PUR BANERA BELT(EASTERN ZONE),,
Lead-Zinc,,KHERJI-KHERA,RAJASTHAN,45 K,25 07N,74 23E,Lead-Zinc,"DOLOMITE,SCHIST AND QUARTZITE",STRATABOUND-CONCORDANT(THIN BANDS),BHILWARA Sgp.,PUR-BANERA BELT,,
Lead-Zinc,,MALIKHERA,RAJASTHAN,45 K,25 27N,74 37E,Lead-Zinc,"QTZ.-BIO.-MUS.SCHIST,AMPH.-MAG.SCHIST",STRATABOUND CONCORDANT,BHILWARA Sgp.,PUR-BANERA BELT,,
Lead-Zinc,,DEVPURA-BANERA,RAJASTHAN,45 K,25 27N,74 38E,Lead-Zinc,SCHIST AND AMPHIBOLITE,STRATABOUND-CONCORDANT,BHILWARA Sgp.,PUR-BANERA BELT (EASTERN ZONE),,
Lead-Zinc,,DEVPURA-RANNINGPURA,RAJASTHAN,45 K,25 27N,74 38E,Lead-Zinc,QUARTZ-AMPHIBOLE-Fe(MAgnetite) GNEISS,STRATABOUND-CONCORDANT,BHILWARA Sgp.,PUR-BANERA BELT(EASTERN ZONE),,
Lead-Zinc,,MALIKHERA,RAJASTHAN,45 K,25 27N,74 37E,Lead-Zinc,"GAR-BIO.SCHIST,MARBLE,Fe(MAgnetite) ROCK",STRATABOUND-CONCORDANT,BHILWARA Sgp.,PUR-BANERA BELT(EASTERN ZONE),,
Lead-Zinc,,TIRANGA,RAJASTHAN,45 K,25 19N,74 32E,Lead-Zinc,SCHIST AND AMPHIBOLITE,STRATABOUND-CONCORDANT,BHILWARA Sgp.,PUR-BANERA BELT(EASTERN ZONE),,
Lead-Zinc,,SAMODI,RAJASTHAN,45 K,25 21N,74 33E,Lead-Zinc,"Qtz.-Bio.SCHIST,CALC SCHIST,Fe(MAgnetite)",STRATABOUND-CONCORDANT,BHILWARA Sgp.,PUR-BANERA BELT(EASTERN ZONE),,
Lead-Zinc,,BETHUMNI,RAJASTHAN,45 K,25 04N,74 11E,Lead-Zinc,DOLOMITE,SHEET LIKE/LENSOID STRATABOUND-CONCORDANT,BHILWARA Sgp.,RAJPURA-DARIBA-BETHUMNI BELT,,
Lead-Zinc,,DARIBA-RAJPURA,RAJASTHAN,45 L,24 57-24 58N,74 08E,Lead-Zinc,DOLOMITE AND GRAPHITE SCHIST,SHEET LIKE/LENSOID STRATABOUND-CONCORDANT,BHILWARA Sgp.,RAJPURA-DARIBA-BETHUMNI BELT,,
Lead-Zinc,,SINDESWARKALAN,RAJASTHAN,45 K,25 02N,74 09E,Lead-Zinc,DOLOMITE AND GRAPHITE SCHIST,SHEET LIKE/LENSOID STRATABOUND-CONCORDANT,BHILWARA Sgp.,RAJPURA-DARIBA-BETHUMNI BELT,,
Lead-Zinc,,SARGIPALLI,ORISSA,64 N,22 03N,83 55E,Lead-Zinc,GARNETIFEROUS MICA SCHIST,STRATABOUND-REMOBILISED,GANGpUR Gp.,SARGIPALLI BELT,,
Lead-Zinc,,SAWAR,RAJASTHAN,45 O,25 47N,75 20E,Lead-Zinc,"DOLOMITE,SCHIST QUARTZITE",STRATABOUND-CONCORDANT,BHILWARA Sgp.,SAWAR BELT,,
Lead-Zinc,,TIKHI,RAJASTHAN,45 O,25 46N,75 14E,Lead-Zinc,"DOLOMITE,SCHIST QUARTZITE",STRATABOUND-CONCORDANT,BHILWARA Sgp.,SAWAR BELT,,
Lead-Zinc,,GOLLAPALLE,ANDHRA PRADESH,73 J,14 45 30 N,78 54 20 E,Lead-Zinc,"DOLOMITE,SLATES,CHERTS",STRATABOUND-CONCORDANT,CUMBUM SLATES,VARIKUNTA-ZANGAMARAJUPALLE,,
Lead-Zinc,,ZANGAMARAZUPALLE,ANDHRA PRADESH,73 J,14 46 N,78 53 E,Lead-Zinc,DOLOMITE,STRATABOUND-CONCORDANT,CUMBUM,VARIKUNTA-ZANGAMARAZUPALLE,,
Lead-Zinc,,BALARIA,RAJASTHAN,45 H,24 21N,73 44E,Lead-Zinc,DOLOMITE-CHERTY QUARTZITE,STRATABOUND-CONCORDANT,UDAIPUR Gp.,ZAWAR BELT,,
Lead-Zinc,,BAROI MOGRA,RAJASTHAN,45 H,24 20N,73 42E,Lead-Zinc,DOLOMITE,STRATABOUND-CONCORDANT,UDAIPUR Gp.,ZAWAR BELT,,
Lead-Zinc,,MOCHIA,RAJASTHAN,45 H,24 21-22N,73 42-43E,Lead-Zinc,DOLOMITE,STRATABOUND-DISSEMINATION/STRINGERS,UDAIPUR Gp.,ZAWAR BELT,,
Lead-Zinc,,PADUNA,RAJASTHAN,45 H,24 16N,73 40E,Lead-Zinc,"DOLOMITE,CHERTY QUARTZITE",STRATABOUND-DISSEMINATION/STRINGERS,UDAIPUR Gp.,ZAWAR BELT,,
Lead-Zinc,,SONARIA-RUPARIA,RAJASTHAN,45 H,24 19-24 21N,73 41-73 44E,Lead-Zinc,DOLOMITE,STRATABOUND-DISSEMINATION/STRINGERS,UDAIPUR Gp.,ZAWAR BELT,,
Lead-Zinc,,ZAWARMALA,RAJASTHAN,45 H,24 19N,73 41E,Lead-Zinc,"DOLOMITE,QUARTZITE,CONGLOMERATE",STRATABOUND-DISSEMINATION/STRINGERS,UDAIPUR Gp.,ZAWAR BELT,,
Lead-Zinc,,BUNIYAR,JAMMU & KASHMIR,43 J,34 08N,74 11E,Lead-Zinc,"QUARTZ SERICITE SCHIST,CHLORITE SCHIST",STRATABOUND-DISCORDANT,BUNIYAR Fm..,OTHER,,
Lead-Zinc,,CHELIMA,ANDHRA PRADESH,57 I,15 30 N,78 40 E,Lead-Zinc,BRECCIATED DOLOMITE,STRATABOUND-CONCORDANT,BAIRANKONDA QUARTZITE (CUMBUM FM.),CHELIMA BELT,,
Lead-Zinc,,GARUBATHAN,WEST BENGAL,78 B,26 58-27 00N,88 38-88 45E,Lead-Zinc,"QUARTZ-Fe(MAgnetite) ROCK,CHLORITE SCHIST",STRATABOUND-CONCORDANT,BUXA Gp.,OTHER,,
Lead-Zinc,,SERSANDU,JAMMU & KASHMIR,43 K,33 08N,74 53E,Lead-Zinc,"CHERTY DOLOMITE,LIMESTONE",STRATABOUND-SEDIMENTARY,SIRBAN LIMESTONE Fm..,OTHER,,
Lead-Zinc,,SHERGAON,ARUNACHAL PRADESH,83 A,27 07N,92 15E,Lead-Zinc,DOLOMITE,STRATABOUND-CONCORDANT,DEDJA Fm..,OTHER,,
Manganese,,BALAGHAT,CHATTISGARH,64 C,21 49N,80 10E,Manganese,"PHYLLITE,QUARTZITE",BEDDED-CONCORDANT,LOHANGI Fm..,BALAGHAT BELT,21.8166666667,80.1666666667
Manganese,,HARENABALLI,KARNATAKA,57 C,13 19N,76 43E,Manganese,METAVOLCANICS-METASEDIMENTS,VOLCANOSEDIMENTARY-BEDDED,BABABUDAN (DHARWAR),CHITRADURGA BELT,13.3166666667,76.7166666667
Manganese,,HULLIKATTE,KARNATAKA,57 B,14 30N,76 07E,Manganese,"BFQ,PHYLLITE",VOLCANOSEDIMENTARY-BEDDED,BABABUDAN (DHARWAR),CHITRADURGA BELT,14.5,76.1166666667
Manganese,,KAREKUCHI,KARNATAKA,57 C,13 20 N,76 42 10 E,Manganese,"BHQ,METAPELITE,METAVOLCANICS",VOLCANOSEDIMENTARY-BEDDED,BABABUDAN (DHARWAR),CHITRADURGA BELT,13.3333333333,76.7027777778
Manganese,,DEVADA,ANDHRA PRADESH,65 N,18 16N,83 33E,Manganese,KHONDALITE,SEDIMENTARY-BEDDED,EASTERN GHAT Sgp.,EASTERN GHAT BELT,18.2666666667,83.55
Manganese,,GARBHAM,ANDHRA PRADESH,65 N,18 22-18 23N,83 27-83 30E,Manganese,KHONDALITE,SEDIMENTARY-BEDDED,EASTERN GHAT Sgp.,EASTERN GHAT BELT,18.3666666667,83.4833333333
Manganese,,NISHIKHAL,ORISSA,65 M,19 13N,83 13E,Manganese,KHONDALITE,SEDIMENTARY-BEDDED,EASTERN GHAT Sgp.,EASTERN GHAT BELT,19.2166666667,83.2166666667
Manganese,,CODGUI,GOA,48 I,15 30 30N,74 08E,Manganese,LATERITE,SUPERGENE ENRICHMENT,DHARWAR Sgp.,GOA Fe - Mn PROVINCE,15.5083333333,74.1333333333
Manganese,,COLAMBA,GOA,48 I,15 07-15 09N,74 07 00-42E,Manganese,MANGANIFEROUS PHYLLITE,LATERITISED,DHARWAR Sgp.,GOA Fe - Mn PROVINCE,15.1333333333,74.1166666667
Manganese,,SULKORNA,GOA,48 I,15 05-06N,74 10-11E,Manganese,MANGANIFEROUS PHYLLITE,BEDDED-SEDIMENTARY,DHARWAR Sgp.,GOA Fe - Mn PROVINCE,15.0,74.1666666667
Manganese,,PIMPERGUDA-PIMPERKUNTA,ANDHRA PRADESH,56 I,19 44N,78 28E,Manganese,"LIMESTONE,SHALE,CHERT",BEDDED-SEDIMENTARY,PENGANGA Gp.,GODAVARI RIFT BELT,19.7333333333,78.4666666667
Manganese,,PIMPERKUNTA,ANDHRA PRADESH,56 I,19 45N,78 28E,Manganese,"LIMESTONE,SHALE,CHERT",BEDDED-SEDIMENTARY,PENGANGA Gp.,GODAVARI RIFT BELT,19.75,78.4666666667
Manganese,,KOIRA,ORISSA,73 G,21 54N,85 15E,Manganese,"SHALE,TUFFACEOUS SHALE",VOLCANOSEDIMENTARY-BEDDED,BONAI Gp.,JAMDA-KOIRA BELT,21.9,85.25
Manganese,,KATSAI,ORISSA,73 G,21 50N,85 21E,Manganese,TUFFACEOUS SHALE,BEDDED-VOLCANOSEDIMENTARY,BONAI Gp.,NOAMUNDI-JAMDA BELT,21.8333333333,85.35
Manganese,,ROIDA,ORISSA,73 F,22 01N,85 22,Manganese,TUFFACEOUS SHALE,BEDDED-VOLCANOSEDIMENTARY,BONAI Gp.,NOAMUNDI-JAMDA SECTOR,22.0166666667,85.3666666667
Manganese,,SARAMDAH-BHADRASAI,ORISSA,73 F,22 03N,85 24E,Manganese,TUFFACEOUS SHALE,BEDDED-VOLCANOSEDIMENTARY,BONAI Gp.,NOAMUNDI-JAMDA SECTOR,22.05,85.4
Manganese,,SARKUNDA,ORISSA,73 G,21 49N,85 09E,Manganese,METASEDIMENTS-METAVOLCANICS,BEDDED-VOLCANOSEDIMENTARY,IRON OREGROUP,NOAMUNDI-JAMDA SECTOR,21.8166666667,85.15
Manganese,,KANIVENALLI,KARNATAKA,57 B,14 57N,76 32-76 35E,Manganese,METASEDIMENTS-METAVOLCANICS,CONCORDANT,EASTERN GREENSTONE,SANDUR SCHIST BELT,14.95,76.5666666667
Manganese,,RAMGAD,KARNATAKA,57 A,15 09N,76 26E,Manganese,METASEDIMENTS - METAVOLCANICS,STRATABOUND,EASTERN GREENSTONE,SANDUR SCHIST BELT,15.15,76.4333333333
Manganese,,BHANDARBOLI,MAHARASTRA,55 O,21 23N,79 27E,Manganese,GONDITE,CONCORDANT,SAUSAR Gp.,SAUSAR BELT,21.3833333333,79.45
Manganese,,DHANSUA-LAUGHAR-JAGANTOLI,MADHYA PRADESH,"64 B, 64 C",22 00N,80 12-80 15E,Manganese,"SCHIST,PHYLLITE",CONCORDANT,LOHANGI Fm.,SAUSAR BELT,22.0,80.2333333333
Manganese,,GUMGAON,MAHARASTRA,55 O,21 19-21 29N,79 03-79 31E,Manganese,SCHIST,CONCORDANT,SAUSAR Gp.,SAUSAR BELT,21.3833333333,79.3333333333
Manganese,,JUNEWANI,MAHARASTRA,55 O,21 27N,79 16E,Manganese,CALC GNEISS AND SCHIST,CONCORDANT,SAUSAR Gp.,SAUSAR BELT,21.45,79.2666666667
Manganese,,NETRA,MAHARASTRA,55 O,21 32N,79 59E,Manganese,SCHIST,CONCORDANT,LOHANGI Fm.,SAUSAR BELT,21.5333333333,79.9833333333
Manganese,,PANCHALA,MAHARASTRA,55 O,21 27N,79 46E,Manganese,GONDITE,CONCORDANT,SAUSAR Gp.,SAUSAR BELT,21.45,79.7666666667
Manganese,,PAWNIA,MADHYA PRADESH,55 O,21 43N,79 45E,Manganese,GONDITE-QUARTZITE,CONCORDANT,LOHANGI Fm..,SAUSAR BELT,21.7166666667,79.75
Manganese,,TIRODI,MADHYA PRADESH,55 O,21 41N,79 44E,Manganese,"GONDITE,QUARTZITE",BEDDED-CONCORDANT,LOHANGI Fm..,SAUSAR BELT,21.6833333333,79.7333333333
Manganese,,UKWA,MADHYA PRADESH,64 C,21 58N,80 28E,Manganese,SCHIST AND PHYLLITE,CONCORDANT-TABULAR,LOHANGI Fm.,SAUSAR BELT,21.9666666667,80.4666666667
Manganese,,LAUGHAR-KAMHATOLA,MADHYA PRADESH,64 C,21 50N,80 22E,Manganese,SCHISTS,CONCORDANT,LOHANGI Fm..,SAUSAR BELT,21.8333333333,80.3666666667
Manganese,,ANMOD,GOA,48 I,15 26N,74 18E,Manganese,LATERITE ON VOLCANICS OF GREENSTONE,VOLCANOGENIC-ENRICHED,CHITRADURGA BELT Gp.,SHIMOGA-GOA BELT,15.4333333333,74.3
Manganese,,HATTIKAMBA,KARNATAKA,48 I,15 16N,74 27E,Manganese,LATERITE ON VOLCANOSEDIMENTARY SEQUENCE,SUPERGENE ENRICHMENT,CHITRADURGA BELT Gp.,SHIMOGA-GOA BELT,15.2666666667,74.45
Manganese,,TERALI-BISGOD,GOA,48 I,15 10N,74 22E,Manganese,LATERITE ON VOLCANOSEDIMETS OF GREENSTON,SUPERGENE ENRICHMENT,CHITRADURGA BELT BELT,SHIMOGA-GOA BELT,15.1666666667,74.3666666667
